"Ergonomic Metal Bike, Ipsam ut quo in ut nesciunt aperiam aperiam est illo","Ruecker Inc",1.5,1612,5,$3010.00,70%,$903.00,1,"Dolores a nobis consectetur quia a dicta aliquid dolor. Nemo aspernatur quas aut eaque. Doloribus perspiciatis qui vel cum voluptates dolorum. Sit deserunt sit rem. Qui enim velit architecto."
"Awesome Rubber Computer, Architecto est expedita consequatur unde","Pagac - Kuhn",1.5,1913,37,$1018.00,60%,$407.20,0,"Est aut molestias et qui. Pariatur ut et occaecati aut et autem ex nulla nisi. Maiores velit voluptatem nemo sint qui vero est. Et itaque voluptatem exercitationem."
"Small Metal Bacon, Odit sequi eveniet dolor dolorum fugiat","Cronin - Kozey",4.5,801,12,$156.00,40%,$93.60,0,"Quia voluptatum magni. At quas veritatis. Ea pariatur quas nam iusto. Cupiditate et ad perspiciatis."
"Sleek Wooden Shirt, Et aliquid est aliquid quo quibusdam et iusto et ullam","Pollich, Kohler and Cronin",1,2521,14,$3137.00,50%,$1568.50,0,"Suscipit aut rem dolore ut aut. Quod atque adipisci. Ad eos et omnis dolorem cum ullam. Provident fugit quaerat quia repellendus. Temporibus a dolorum. Tempore nihil in temporibus a."
"Sleek Steel Pants, Voluptatem incidunt accusamus error sit et","Cruickshank, Powlowski and Stamm",3.5,428,42,$3412.00,,$3412.00,0,"Corrupti animi beatae. Cumque laudantium exercitationem. Neque vel quod perspiciatis optio ab ut."
"Incredible Metal Soap, Placeat hic maiores eaque","Russel - Feeney",1,220,8,$2783.00,,$2783.00,0,"Et distinctio voluptatem reprehenderit praesentium vel consequatur consequatur nam. Non recusandae ut sit. Nesciunt itaque nulla eos ut laudantium ea. Et est error. Dolorem est deserunt. Qui et necessitatibus est eveniet tempora ducimus dolore earum fugiat."
"Awesome Concrete Bacon, Qui amet et in at consectetur","Gulgowski - Bartell",5,830,34,$3929.00,30%,$2750.30,1,"Atque et tenetur quam sapiente est molestiae nam quos dolore. Voluptas architecto deleniti. Quas voluptatum numquam magnam. Et non dolore rerum dolorum sequi animi voluptas deserunt aliquam. Officia aperiam soluta. Eveniet deserunt et similique laboriosam ut ut ab."
"Licensed Granite Bike, Eos esse sint animi sunt corrupti dolorem quibusdam","Conn - Schultz",4.5,396,27,$2799.00,10%,$2519.10,1,"Voluptates impedit nemo sint enim odio quae ex repudiandae eos. Mollitia error qui quis unde voluptatum. Itaque et iure aperiam magnam sint velit iure. Voluptatem molestias rem."
"Gorgeous Granite Bacon, Illo sit repellendus accusamus nihil delectus explicabo","Medhurst, Oberbrunner and Grant",2.5,1732,25,$3346.00,,$3346.00,0,"Vel quo quidem. A voluptatem recusandae ea suscipit eligendi est maiores accusantium eos. Fuga minima aut dolore quod facere sit minus. Atque et voluptas voluptatum consequuntur fugit consequatur consequuntur."
"Ergonomic Frozen Chair, Consequatur sapiente vitae dolores repudiandae","Beer, Ward and Hayes",5,2282,46,$3792.00,40%,$2275.20,0,"Sed quos dolorem nisi. Dolorum consequatur saepe quo laborum in. Eius consequuntur aut ad aut unde excepturi tempore."
"Practical Cotton Towels, Et dolor tempore culpa est","Schamberger Inc",2.5,2188,32,$680.00,30%,$476.00,1,"Suscipit autem id in quia assumenda perferendis tempora molestias est. Sit maxime voluptas quis. Aut qui doloribus excepturi voluptatem ipsum ut ipsam. Ut vel molestias incidunt vel."
"Practical Concrete Computer, Exercitationem et libero fuga quas hic quas inventore","Nader LLC",1,1695,11,$852.00,20%,$681.60,1,"Qui id incidunt. Quia veritatis ut ad aut et rerum saepe sunt consequuntur. Numquam totam laborum. Aut nulla corporis voluptatem dolorem sint qui quis. Officia aliquam eos. Et unde asperiores laboriosam quia."
"Practical Fresh Chicken, Provident rerum quis dolores rerum","Carroll and Sons",5,947,23,$4125.00,25%,$3093.75,1,"Voluptas aut dolor harum rerum fugit cumque nihil. Et incidunt sit. Non laudantium nobis eum dolores et. Non dolor enim nostrum ipsa. Beatae sit neque ad vero accusantium sapiente ut et. Dignissimos a facere."
"Gorgeous Cotton Gloves, Ipsa consequatur fuga et saepe sapiente molestiae quis","Stanton, Crona and Cassin",2.5,1313,29,$4993.00,60%,$1997.20,1,"Atque occaecati facilis illum ab. Nisi aut libero aut qui ratione eveniet soluta eligendi fugit. Nesciunt et ut inventore ad quam modi tempore non nisi."
"Generic Frozen Fish, Totam quos voluptates ut accusamus dolor natus et ut sed","Mitchell Group",1.5,61,7,$3200.00,70%,$960.00,0,"Quam molestiae quae perspiciatis. Eveniet fugiat velit nulla qui. Laborum fugit exercitationem."
"Generic Concrete Towels, Et cum libero et","Conroy - Mosciski",1.5,1258,4,$2274.00,20%,$1819.20,0,"Natus quia fugiat. Aut eius magni. Asperiores cumque non doloremque modi vel qui a. Expedita dolor officiis est dolor officiis quasi id ducimus accusamus. Fuga eos sint optio quae quibusdam itaque ut dolores fugit. Reiciendis aut occaecati quidem deserunt dicta officiis beatae saepe facilis."
"Fantastic Metal Hat, Eveniet minus error provident ad aspernatur voluptatem ipsum","Hodkiewicz LLC",5,508,5,$2987.00,30%,$2090.90,1,"Maiores repellendus quidem earum dolores omnis quibusdam beatae ut. Illum ad error consectetur quae architecto nemo dolor. Odio voluptatibus vel amet alias quam in consequatur autem. Inventore autem tempore doloribus velit est. Ut libero ea fuga quam provident consequuntur."
"Generic Cotton Gloves, Sit at facilis veniam vero est facere atque","Sawayn and Sons",2,2531,48,$4316.00,30%,$3021.20,1,"Eum dolorum fugiat dolores. Qui aut hic enim sit temporibus nulla at magnam. Nobis accusantium aliquam aut. Ex ut voluptatibus asperiores nulla quisquam perspiciatis. Non explicabo velit illum blanditiis odio quis."
"Generic Plastic Mouse, Eaque veritatis dicta ipsa et qui quam","Prosacco - Littel",4,2671,46,$4531.00,,$4531.00,0,"Occaecati dicta temporibus ut nam. Commodi quos non explicabo molestiae reprehenderit veniam. Et omnis corporis dolorem expedita et nihil impedit in."
"Practical Granite Keyboard, Facere occaecati sed iusto rerum qui","Kozey Group",4.5,2115,39,$2971.00,50%,$1485.50,1,"Dolor voluptatem rerum maiores rem quaerat aut ullam qui maiores. Hic nisi eligendi sint. Nihil voluptatem ea. Animi veniam vero. Soluta sed est accusantium. Rem quas esse nulla autem est alias porro."
"Licensed Concrete Salad, Est sint est cum voluptates corrupti ipsam consequatur sunt","Boyer, Oberbrunner and Carroll",5,2719,18,$4221.00,,$4221.00,1,"Qui iste eos reiciendis veritatis. Fuga ipsam odio rerum molestias omnis. Quae architecto autem quidem non id aliquam sequi sed. Rem consequatur aut et quia aut tempora ratione qui."
"Rustic Plastic Bacon, Dolorum mollitia veritatis","Bogisich, Walter and Brown",3.5,2928,46,$2823.00,20%,$2258.40,0,"Nobis quidem expedita ratione vero hic eius pariatur quasi iste. Ipsam rerum velit officia in molestiae blanditiis dolorem et odio. Placeat molestiae quam non et qui ut."
"Gorgeous Cotton Hat, Sunt laudantium nam sed minus eum","Homenick, Graham and Jaskolski",4.5,647,12,$4729.00,,$4729.00,1,"Aut deserunt qui perspiciatis alias nobis qui eos accusantium. Voluptatem accusantium amet fuga qui quo. Rem doloribus temporibus doloribus inventore molestias facilis quasi. Eum vero reprehenderit aliquid."
"Rustic Wooden Salad, Vero qui atque sunt dolores doloribus","Eichmann - Stehr",5,2399,21,$1286.00,,$1286.00,0,"Nam quis vel. Commodi ratione iusto quod quam dignissimos in non laudantium qui. Non alias nostrum harum voluptas. Fuga voluptas quae tenetur."
"Ergonomic Wooden Pizza, Ut velit esse odit sed omnis aut possimus","Howe - Gerlach",4.5,1913,28,$1289.00,60%,$515.60,1,"Voluptatibus in a amet. Commodi aliquam rerum voluptatem corporis dolor rem. Asperiores cumque ea ipsa ea delectus dolor assumenda commodi. Est sunt mollitia corporis explicabo."
"Tasty Concrete Pants, Fuga numquam necessitatibus qui","Williamson LLC",1.5,828,18,$2663.00,,$2663.00,1,"Harum sint dolorem voluptates et necessitatibus repellendus. Omnis quibusdam nulla soluta. Unde quis deleniti. Odio beatae ab accusantium nisi consequatur ratione. Sint magnam non. Temporibus in illum hic."
"Rustic Fresh Bacon, Cumque eligendi beatae et esse","Reynolds, Renner and Schmeler",2.5,1363,15,$3910.00,,$3910.00,1,"Autem eaque aut corporis cupiditate debitis sunt. Cum nisi aspernatur reiciendis illo eaque vel temporibus et molestias. Quo animi in ducimus et adipisci vero. Ea pariatur dolore."
"Sleek Fresh Chicken, Voluptatem facere aliquam error et ea consequuntur dolorem aut","Connelly, Quitzon and Greenfelder",2,2233,44,$3864.00,60%,$1545.60,1,"Dicta aliquid porro qui et. Deleniti minus repellendus quia rem id quo veritatis rem. Tenetur quo assumenda ut reiciendis autem quia esse libero ullam."
"Intelligent Soft Chicken, Consectetur quam enim reprehenderit nulla nihil accusamus voluptatum consectetur","Kirlin - Torphy",5,2241,14,$2620.00,10%,$2358.00,1,"Vel autem ducimus eius dolorum est. Esse sed aut sed et dolorem quia nam. Nisi consequatur labore."
"Gorgeous Steel Tuna, Nihil a provident esse ut quasi dolor magni est","Weissnat Group",5,1931,19,$1012.00,10%,$910.80,1,"Non cum quia saepe incidunt tenetur voluptatem voluptatem doloremque. Vitae minima sunt. Veritatis minus et quas unde et laudantium ut. Et odit sit voluptatem aut maiores. Ducimus enim tempore deserunt qui. Delectus ab repellendus fugit voluptatem."
"Handmade Plastic Soap, Accusamus qui maxime sed libero consequatur laudantium consequatur accusamus","Vandervort - Keeling",2,2616,44,$3219.00,,$3219.00,1,"Esse id et quibusdam quos voluptatum nostrum. Beatae consequatur optio est cupiditate blanditiis sit laboriosam tempora tenetur. Excepturi occaecati eaque ut tempora quo quod praesentium. Quas tenetur eaque molestias dolor omnis velit labore. Laudantium unde sit qui."
"Rustic Cotton Bike, Quo velit qui quod sunt dolorem aut minus ullam","Koch - Willms",1,2578,37,$2424.00,60%,$969.60,0,"Voluptate aut numquam. Doloribus cupiditate quo. Earum mollitia harum architecto officiis facilis."
"Intelligent Granite Hat, Voluptatem libero labore dolor accusantium sit nesciunt ut","Koss Inc",4,2547,13,$603.00,60%,$241.20,1,"Qui ab et rerum facere reprehenderit et officia. Et sunt nihil. Atque fugiat ea. Quas hic molestiae non facilis facilis debitis qui praesentium nihil. Perferendis pariatur consequuntur totam quos eos recusandae atque voluptas et. Perferendis aut assumenda fugiat ducimus."
"Tasty Metal Computer, Dolorem sint aperiam consequatur est ducimus recusandae cum nesciunt mollitia","Weimann - Satterfield",1,2759,20,$1039.00,,$1039.00,1,"Qui accusantium sed aut voluptas fugiat quidem autem. Qui est labore dignissimos incidunt. Dignissimos a qui. Numquam recusandae qui. Omnis ut quisquam quam quis quam dolores quaerat. Tempora architecto nihil corrupti id reprehenderit vitae."
"Unbranded Rubber Shirt, Nesciunt facilis repellendus veritatis aut sequi enim","O'Connell and Sons",2,1434,6,$4832.00,,$4832.00,0,"Ea accusamus animi maiores consequatur cupiditate. Nesciunt et tempore consequatur aut aut eaque quo. Placeat dicta vitae ut molestiae rerum. Dolor voluptatem occaecati nobis. Itaque quibusdam quam et necessitatibus corporis ad in."
"Ergonomic Granite Chips, Qui voluptas laborum","Johnston, Heidenreich and Davis",5,1459,36,$778.00,25%,$583.50,1,"Ratione nihil qui sit asperiores minima hic non. Sunt magni facere et qui sit nihil harum. Et autem qui nam nam."
"Small Plastic Salad, Distinctio hic fugiat ex dolore","Simonis Inc",1,1299,17,$2522.00,50%,$1261.00,0,"Unde non porro. Natus quia voluptate. Cupiditate quo quia autem. Reprehenderit vitae quisquam et hic dolore maxime illum. Voluptate dolorum animi in maiores exercitationem pariatur deleniti."
"Refined Steel Pants, Nobis at a dignissimos numquam ad sit non et","White - Hirthe",2,446,6,$993.00,,$993.00,1,"Quia veritatis in sapiente. Animi atque sunt sapiente fugiat modi nemo consequatur. Aut et dolore quia quia consequatur a omnis quo. Enim amet et aliquid et quod accusamus voluptas. Enim ipsum atque minus sint repellendus. Rerum error voluptatem velit labore eveniet sapiente aperiam ab."
"Intelligent Frozen Hat, Quis quod ab odio ipsam odit dolore nemo qui libero","Gislason LLC",4.5,2943,21,$73.00,25%,$54.75,0,"Architecto rerum ut assumenda. Quam aut et doloribus labore qui eos ipsa nisi est. Aut et et ut non ipsum quo sed praesentium architecto. Reprehenderit ea facilis quia autem repellendus laudantium fugiat."
"Generic Frozen Bacon, Accusantium et vero explicabo libero","Toy, Klocko and Kemmer",4.5,2815,48,$3293.00,70%,$987.90,1,"Et nam sit dolore repudiandae earum est consequuntur in. Tempora ea nihil minus eveniet sit voluptatem iure. Ipsam pariatur occaecati est voluptas. Id esse eveniet natus. Ipsam aut porro qui omnis ut sunt pariatur."
"Small Granite Bike, Ut rerum repudiandae nihil recusandae omnis aut voluptatum eius modi","Waelchi - O'Connell",5,513,41,$2984.00,,$2984.00,0,"Corrupti minima asperiores. Quia occaecati et et vitae. Amet incidunt non autem enim sed voluptatem impedit."
"Rustic Steel Computer, Dicta est dicta voluptatem est molestiae expedita","Roob - Toy",1.5,663,42,$295.00,20%,$236.00,0,"Dolor enim facere illum sed id libero est amet rerum. Eveniet quia ea et dignissimos atque consequatur itaque perspiciatis. Doloremque tenetur necessitatibus excepturi nihil veritatis voluptas natus est alias. Ut qui ut inventore cupiditate omnis qui sunt ex."
"Awesome Fresh Chair, Qui debitis iusto quam laudantium ut et doloremque officiis","Huels Inc",4,695,34,$2510.00,40%,$1506.00,1,"Vel numquam beatae accusamus consequatur reprehenderit voluptatem inventore id. Libero voluptatem exercitationem accusantium recusandae in qui perspiciatis eligendi enim. Quod illum qui rem. Dolorem quidem a esse error laborum optio."
"Handcrafted Frozen Chicken, Quis assumenda dolor molestias temporibus vel ea labore","Hegmann - Lind",2.5,187,21,$18.00,,$18.00,0,"Pariatur ratione harum voluptatem. Autem error rem. Voluptatem voluptas est. Eum dolor aut vitae. Est accusamus et id et nostrum beatae. Occaecati voluptas qui qui asperiores vel."
"Tasty Concrete Computer, Veniam natus aut cum voluptatem eos doloribus tempora dignissimos suscipit","Simonis, Lemke and Reynolds",2.5,2080,2,$1245.00,,$1245.00,1,"Repudiandae qui eos qui exercitationem id qui soluta est. Eaque alias voluptatum id ad. Omnis dolorem sed possimus. Perspiciatis nihil ratione odit et pariatur vel animi ea. Earum at omnis omnis et."
"Small Concrete Bike, Incidunt distinctio unde aperiam modi placeat architecto animi","Medhurst - Boyle",5,219,49,$733.00,50%,$366.50,0,"Ad laudantium hic illum dolor. Ex architecto velit dignissimos magnam amet similique optio. Non dolor est natus mollitia repudiandae totam aspernatur. Tempore consequatur rerum. Optio voluptatem non ea. Dolorem ut aut id saepe ab vel aliquid aut."
"Handmade Concrete Towels, Ex minima quisquam","Anderson, Prosacco and Torphy",5,1671,17,$4307.00,60%,$1722.80,1,"Ab ut iusto voluptates quis et nulla non incidunt odit. Sit dolor quam velit saepe voluptatibus consequatur et magni. Quo est corrupti sit id ex sit."
"Ergonomic Fresh Salad, Temporibus dolores ut et beatae quia","Schimmel, Williamson and Corkery",3,708,3,$1667.00,30%,$1166.90,1,"Aspernatur ut ab nesciunt labore ut. Quia illo eligendi magni repudiandae veritatis voluptatem ipsam tempora. Omnis voluptate voluptatem quia sed quia ut saepe. Occaecati omnis omnis tempore rerum voluptatem dolorum et corporis."
"Sleek Steel Table, Unde laudantium et quo impedit aut","Douglas - Pouros",1.5,252,43,$2167.00,,$2167.00,0,"Fuga iusto optio sequi. Voluptatum possimus est maxime beatae aut. Doloribus optio quae quis molestiae animi. Sit cumque omnis temporibus cumque possimus dicta odit illum officiis. Eos magni cumque asperiores omnis magnam animi molestias iste molestias. Et nobis non quam aut."
"Licensed Fresh Pizza, Tempora sed praesentium assumenda quia officia occaecati nostrum aut","Beer Inc",2,788,12,$4359.00,,$4359.00,1,"Quia praesentium quis. Reiciendis voluptatum iste voluptatum nam. Et et ad quas velit."
"Small Fresh Pizza, Assumenda ab aut eaque nam unde id delectus magnam","Strosin - Doyle",2,2339,47,$4948.00,40%,$2968.80,0,"Minima eveniet culpa expedita aut autem distinctio. Quidem sed quod eum totam adipisci voluptate consequatur iusto eligendi. Repellat cum explicabo. Totam nisi nihil. Quae voluptatem consequatur ipsa nisi mollitia aperiam perferendis ut dolor."
"Ergonomic Cotton Pizza, Quae ex tempora asperiores earum et consequatur","Rogahn Inc",4.5,1103,29,$1781.00,,$1781.00,1,"Nulla quibusdam at inventore aut rerum aut. Eos eaque non non quibusdam consequuntur laudantium ducimus. Nemo dicta quidem est et sint. In ut dicta porro quis."
"Refined Metal Car, Nihil quia consequuntur aliquam est in ut unde ex consequuntur","Gleichner and Sons",1.5,470,27,$4764.00,20%,$3811.20,1,"Et assumenda minus quaerat aut officia quibusdam id. Qui deserunt fugit debitis nemo libero suscipit illo. Aliquid sapiente modi sed adipisci enim saepe. Qui est hic dicta. Illo omnis sunt et."
"Intelligent Granite Tuna, Iusto aperiam velit amet perferendis non quos quas","Orn LLC",5,2343,39,$1862.00,30%,$1303.40,0,"Et facilis debitis nihil. Quo nesciunt laudantium eos eum voluptatem dicta. Enim architecto id minima alias tempore ut quia vel magni."
"Tasty Wooden Salad, Quisquam excepturi aperiam incidunt provident","Satterfield - Walsh",2,939,13,$4838.00,30%,$3386.60,1,"Omnis consequuntur animi sint. Iste est et aut consequuntur iure quibusdam. Suscipit omnis natus."
"Practical Granite Pants, Suscipit veniam molestiae","Schowalter, Mraz and Crooks",4.5,1014,44,$2947.00,20%,$2357.60,1,"Tenetur et quis labore. Doloremque modi rerum dolores non corrupti. Perspiciatis consequuntur magni sapiente accusantium sed rerum. Nobis ipsam quod temporibus laboriosam ullam quis doloribus et."
"Intelligent Concrete Bike, Beatae inventore odio rerum dolor architecto optio","Carroll LLC",5,1260,10,$2711.00,,$2711.00,0,"Reprehenderit ut inventore et voluptatem sint. Et dolores nam quidem ab. Nobis quia deserunt a ad. Assumenda est voluptas minima perferendis minima velit placeat. Beatae provident excepturi. Omnis ea aut eius eum et nobis iusto est architecto."
"Gorgeous Concrete Tuna, Iste itaque eveniet et","Pagac, Paucek and Becker",4.5,1987,31,$556.00,,$556.00,0,"Quos omnis dolorum error et alias sint earum ut. Aut rerum quos. Sunt tenetur et."
"Practical Steel Sausages, Cum nesciunt nulla quo tempore","Skiles LLC",4,316,40,$4018.00,25%,$3013.50,1,"Provident beatae modi deserunt pariatur pariatur fugit quia. Vitae perferendis quibusdam hic quia illo. Velit a eaque mollitia voluptas corrupti. Corporis quo dolores accusamus fuga mollitia omnis. Consectetur est atque soluta exercitationem ab eos aliquam eum qui."
"Incredible Metal Bike, Sint aut et iure","Heathcote LLC",3.5,341,31,$1876.00,30%,$1313.20,1,"Repudiandae inventore eos magnam. Eaque facere fuga eius ipsam necessitatibus tempora tempore blanditiis sint. Sapiente dolorem ipsa. Tempora velit est voluptatem atque at sunt totam. In repellat vel cumque in velit."
"Tasty Concrete Shoes, Recusandae maxime nisi aperiam necessitatibus consequatur sequi eius","Cummings, Cremin and Hessel",1.5,2236,4,$4449.00,10%,$4004.10,1,"Delectus facilis qui voluptate est aut sapiente aut atque perferendis. Eaque aut non et enim. Qui quisquam qui non necessitatibus voluptatem."
"Licensed Rubber Cheese, Commodi aut iure saepe porro ipsum dicta","Kunze, Pollich and Predovic",1,2864,41,$4582.00,60%,$1832.80,1,"Quisquam quis vero omnis unde repellat voluptatem veniam iste. Nostrum suscipit sunt voluptatibus magnam doloremque et fugit fuga molestiae. Nobis eligendi ut. Consequuntur magni molestias ex officiis amet sunt aliquid illo."
"Sleek Plastic Tuna, Pariatur a quam","Gulgowski Inc",2,2815,29,$612.00,50%,$306.00,0,"Est eius alias. Est omnis qui reprehenderit asperiores est voluptatem ullam odit vel. Enim voluptate aut sequi omnis nobis."
"Unbranded Frozen Keyboard, Delectus vel expedita occaecati ab","McClure - Kling",3.5,429,24,$634.00,10%,$570.60,0,"Ea architecto expedita voluptas dolor consequatur est illo sed. Quidem iste pariatur assumenda laborum et qui aliquam. Officiis qui explicabo et illo ut laboriosam a earum. Ullam autem doloribus nihil cupiditate odio iure maiores. Tempore voluptatem minima id recusandae non sint dolorem."
"Intelligent Cotton Hat, Enim quam temporibus animi","Kuhlman - Terry",5,1318,32,$2468.00,20%,$1974.40,1,"Veritatis necessitatibus architecto. Iste incidunt et ullam quas velit. Ab et voluptatibus ad aut. Eos recusandae non adipisci alias vitae dolores temporibus impedit ad. Fugit et minus quia adipisci fugit optio cupiditate."
"Refined Plastic Chicken, Pariatur et numquam quo","Welch, Green and Welch",2.5,1414,19,$3257.00,30%,$2279.90,1,"Accusantium minus necessitatibus nostrum neque assumenda odio optio aliquam. Necessitatibus quisquam sequi est atque. In et voluptas ad."
"Handcrafted Steel Bike, Inventore velit laborum delectus eos architecto libero cum veniam","Powlowski, Conn and Hayes",3.5,2503,10,$4749.00,50%,$2374.50,1,"Aliquam quia vero. Rerum sunt omnis debitis. Et eaque temporibus sit soluta. Numquam impedit laborum aut incidunt optio sapiente perspiciatis autem aut."
"Gorgeous Soft Towels, Sint repellendus fugiat quod temporibus dolores voluptatem magni","Schoen, Hilll and Anderson",4.5,347,27,$4274.00,,$4274.00,1,"Repudiandae tempora corrupti. In nobis nihil sed debitis porro dicta sapiente dolor ipsa. Est quia sapiente sed molestiae harum eius enim alias officia. Molestiae sit aut molestiae dolor mollitia ut quo."
"Generic Frozen Tuna, Voluptas non officia dolorem tenetur vel enim et qui","Abernathy - Koelpin",4,2214,2,$2349.00,10%,$2114.10,0,"Enim sit ea molestiae. Dignissimos occaecati laudantium. A culpa tempora eum placeat vitae necessitatibus aut qui non. Officia nisi totam similique aliquid sit voluptatem non. Dolores perferendis tenetur omnis placeat nihil fuga et. Eaque officia nesciunt et."
"Handcrafted Rubber Chair, Eum debitis nobis hic qui sit","Windler Inc",4.5,2056,11,$2203.00,10%,$1982.70,0,"Labore accusantium dolores dignissimos rerum est facere sequi. Ut quia enim praesentium atque. Libero recusandae qui sequi eos corporis natus nesciunt."
"Refined Granite Fish, Inventore et aut saepe","Paucek, Legros and Davis",1,1077,25,$1705.00,25%,$1278.75,1,"Nesciunt et quis. Laboriosam eveniet ab et est molestiae. Eaque natus praesentium modi totam illo. Dolores voluptatibus qui sint. Officiis dignissimos odio blanditiis occaecati asperiores qui neque."
"Ergonomic Wooden Shoes, Et quia minus illum fugiat maxime voluptatem qui magnam incidunt","Baumbach, Stokes and Bergstrom",1,445,16,$4548.00,30%,$3183.60,0,"Dolore perspiciatis perspiciatis inventore cupiditate qui. Dolor dolores sint voluptatem qui. Voluptatem impedit quia tempora eius accusantium laborum facilis."
"Rustic Fresh Keyboard, Aut accusantium nihil autem hic nihil magnam id","Gleason - Kuhlman",4,2515,47,$2644.00,,$2644.00,1,"Voluptas sit possimus assumenda amet non. Consequatur dolorem ut dolorem voluptas quia qui possimus aut. Iste doloremque sed ut accusamus in labore possimus. Illo quod voluptatem eveniet aspernatur at quos aut qui occaecati. Sint iure repellat ab aliquam ab cumque consequatur. Consequatur necessitatibus nulla et omnis consequatur libero."
"Refined Frozen Bacon, Ut dolorum sunt quia quo est harum maxime minima","Sipes - Stroman",1.5,547,44,$4450.00,10%,$4005.00,1,"Qui voluptatibus est quia illum doloremque consequatur quis velit iure. Aut officia enim aperiam quia amet quia qui harum voluptas. Sunt eveniet cum quae sapiente non maxime error. Sit quibusdam rerum pariatur possimus omnis molestiae quia dolores et."
"Ergonomic Metal Computer, Architecto totam sunt atque voluptates repellendus facilis reiciendis","Nienow - Paucek",3.5,2131,27,$3126.00,50%,$1563.00,1,"Quia ut officia. Vero atque repellat qui quia incidunt. Quia aut tempora atque consectetur. Eligendi optio aut est nihil. Ducimus enim sequi."
"Handcrafted Fresh Shirt, Excepturi repellendus rem nihil sapiente repellendus officia","Brakus - Hickle",4,69,9,$679.00,50%,$339.50,1,"Eligendi totam voluptatum nihil nobis. Natus sed velit quaerat. Debitis voluptatibus sequi harum molestiae consequatur facere ratione et. Est et nihil sed fugit error itaque eum doloribus."
"Rustic Fresh Chicken, Voluptate cum facilis a eos","Schaden, Labadie and Bednar",1,711,1,$2565.00,70%,$769.50,1,"Laudantium nulla sunt enim quo error non recusandae. Qui et voluptatem. Quibusdam corrupti nemo praesentium perspiciatis. Non quaerat et. Voluptatem laborum dolores quo saepe non dicta vitae dolorem."
"Handcrafted Soft Tuna, Repellat repudiandae maxime molestiae accusantium culpa quibusdam consequatur consectetur quibusdam","Ward, Spinka and Gaylord",4,2751,25,$140.00,25%,$105.00,1,"Necessitatibus quo consequatur sit delectus. Modi omnis asperiores. Sit sapiente dolore rem."
"Unbranded Cotton Bacon, Sunt nihil quaerat","Anderson, Lemke and Luettgen",4,991,17,$3112.00,60%,$1244.80,0,"Soluta impedit sunt tenetur voluptas vitae iste veritatis sit sint. Veritatis est dolor aliquam. Optio ipsam dolorum qui dignissimos numquam sit minima voluptas id. Veniam asperiores veniam aliquam. Illum ipsa qui delectus et. Quo et nisi hic voluptas."
"Unbranded Cotton Fish, Itaque itaque enim et voluptatum qui et aut","Wintheiser, Blanda and Quitzon",5,2136,29,$1170.00,70%,$351.00,1,"Esse aut rem sed quia et dicta rem. Occaecati nemo sequi ut. Beatae ex minima iusto quia quia esse dignissimos. Alias molestiae recusandae ex. Aut nostrum sequi at molestiae aliquam a vero numquam. Fugit dicta qui ipsa qui dolores natus perferendis magnam id."
"Small Granite Hat, Aspernatur expedita quam","Veum - Deckow",4.5,923,4,$2807.00,60%,$1122.80,1,"Quia illo atque rerum quisquam non. Aliquid facilis recusandae iste aut. Nam cumque aut illo omnis ut."
"Unbranded Frozen Towels, Fugit et dolor ut tempora repellendus quam consectetur","Hartmann, Kuvalis and Dickinson",2,641,35,$4634.00,,$4634.00,0,"Quis at est ea. Excepturi sunt ut provident quo dolores illo et mollitia et. Impedit deleniti amet. Facilis assumenda qui et consequatur illum alias veritatis. In rerum dolorem laboriosam soluta minus eaque. Est nemo earum sint aliquam quia."
"Generic Wooden Shoes, Quo adipisci fuga","Grant, Feeney and Zieme",5,207,45,$948.00,50%,$474.00,1,"Ullam repellat rerum tempora. Aut quo enim debitis inventore cupiditate odit dicta. Neque laudantium ad fugiat non sed fugit id eos."
"Practical Metal Pants, Dolores dignissimos rerum et necessitatibus","Langworth Group",4,56,48,$922.00,,$922.00,0,"Quis quia quia. Dolor fugiat porro id quaerat magni sunt voluptatem sapiente. Atque optio quos et aut. Nihil est laborum recusandae expedita ad. Sed soluta quaerat dolore animi."
"Tasty Plastic Gloves, Veniam et laboriosam quis sit consectetur id voluptatem sed omnis","Larson and Sons",2.5,2984,44,$4216.00,40%,$2529.60,0,"Assumenda suscipit minima sit doloremque autem accusamus dolorem et. Placeat placeat est. Dignissimos rerum aut quisquam ut officia non nisi pariatur debitis. Consequuntur architecto corrupti repellendus aut nulla accusantium."
"Unbranded Soft Salad, Molestiae rerum aut","Witting Inc",1.5,1704,13,$4571.00,60%,$1828.40,1,"Est voluptatem mollitia ut et sunt dolore at. Soluta nemo dolores est sed recusandae illum quo atque sed. Voluptates quas minus. Commodi dicta minima similique eveniet. Eum similique non dignissimos ut illum sapiente deserunt."
"Practical Fresh Table, Totam voluptate qui","Breitenberg Inc",4,1752,33,$1120.00,50%,$560.00,1,"Adipisci fugit sit sint. Nemo harum id eligendi id sunt. Omnis ut eos et aut amet beatae quasi et. Quasi odio omnis. Aperiam vero qui consectetur voluptatem iste tempore deleniti facere."
"Rustic Rubber Fish, Aut est eos","Rosenbaum LLC",4,2926,44,$2952.00,20%,$2361.60,0,"Consequatur dignissimos molestiae. Occaecati error officiis quam qui enim aut quod. Aut magnam sequi voluptas. Alias autem repellendus. Cupiditate earum aperiam facilis ipsum esse nemo pariatur. Nihil et minima maiores qui aliquam."
"Ergonomic Soft Cheese, Voluptates ipsa nemo iure adipisci minima rerum vel molestiae","Christiansen and Sons",1,440,25,$1363.00,20%,$1090.40,0,"Repellendus cum illo dolorum temporibus pariatur repellendus voluptatem placeat tempore. Unde perferendis est. Eos quo et. Illum debitis quasi. Odit suscipit possimus et vel praesentium in voluptas rem expedita."
"Unbranded Concrete Shirt, Minus ipsam aut perferendis vel exercitationem illum aut","Rolfson LLC",3,1167,33,$2425.00,70%,$727.50,1,"Ut doloremque veniam non ipsam vel est. Corporis sit iure et soluta et. Voluptas sequi vitae harum quod qui soluta. Qui saepe ut. Autem consequatur culpa reprehenderit ut consequatur nihil."
"Unbranded Rubber Chips, Fugit voluptatem ab perspiciatis sit iusto iure expedita doloribus","Cormier - Kub",4,361,34,$1895.00,,$1895.00,1,"Consectetur autem libero doloremque nesciunt sed quo nam dolorem sunt. Est adipisci quidem corrupti distinctio et aut non quia voluptate. Recusandae harum dignissimos corrupti fuga doloribus et fuga enim quia. Laudantium illum rerum velit et iste. Est et provident expedita. Eaque dolor nihil."
"Gorgeous Plastic Mouse, Fugit asperiores occaecati aperiam","Labadie - Deckow",1,1528,44,$1524.00,10%,$1371.60,1,"Corporis dolor autem doloremque natus possimus sed. Excepturi sint velit nam nemo doloremque doloribus. Quia cupiditate quo eius necessitatibus excepturi est id. Non esse aut suscipit voluptates porro ex facere voluptas. Corporis et reiciendis quod aliquid."
"Rustic Cotton Shoes, Commodi enim vitae","Kshlerin, Tremblay and O'Kon",2.5,328,36,$2704.00,20%,$2163.20,1,"Laborum nisi quia a. Sit dicta sunt et at omnis pariatur. Ducimus aut sunt saepe consequatur. Modi nihil maxime. Accusamus rerum est laborum quos."
"Generic Cotton Chair, Omnis unde animi autem unde ipsam","Windler LLC",3.5,2094,1,$3108.00,10%,$2797.20,1,"Eligendi occaecati sit. Eveniet commodi voluptate quia corporis in. Voluptatem voluptates sed magnam modi. Natus et consequatur qui voluptates rerum aliquam."
"Awesome Steel Tuna, Dolore voluptate occaecati nisi odio quibusdam","Cole - Murphy",3.5,498,7,$2003.00,40%,$1201.80,1,"Est illo earum. Est velit magnam delectus eaque. Et sed expedita earum nemo consectetur mollitia eligendi. Aperiam veritatis voluptatum facilis. Quasi quaerat cum et et in maiores reiciendis et. Libero voluptatem sint dignissimos blanditiis vitae culpa omnis."
"Licensed Frozen Towels, Autem odio voluptatem optio at sapiente doloribus possimus nam","Konopelski and Sons",4.5,137,49,$3379.00,,$3379.00,0,"Perspiciatis quam officiis aperiam dolores. In nihil corporis minus reiciendis et sint. Recusandae voluptatum tenetur reprehenderit. Labore fuga et atque sit ratione impedit error quae deleniti."
"Small Frozen Shirt, Id non dolore animi quis","Schowalter - Sawayn",4,2721,29,$1747.00,30%,$1222.90,0,"Ratione voluptas neque iusto quidem asperiores. Cum quia expedita reprehenderit occaecati quia ipsum tenetur tempore. Consequatur voluptatem est voluptatem excepturi voluptatem aut. Hic libero ipsum repellat ab necessitatibus eaque qui minima tempora. Non id ducimus."
"Small Plastic Table, Quia porro magni alias earum blanditiis cupiditate eaque","Greenholt - Price",3,2005,11,$1622.00,30%,$1135.40,0,"Blanditiis voluptas suscipit dolore voluptas minus perspiciatis similique sint sunt. Quia magni ipsa. Consectetur amet distinctio et nulla sed ullam nulla."
"Ergonomic Frozen Mouse, Voluptatem necessitatibus accusantium dolore excepturi soluta labore rem non","Lehner Group",2,2603,14,$2673.00,,$2673.00,1,"Et voluptas perspiciatis sed ratione quia. Laudantium est dolore error nisi. Porro sed non. Sunt qui numquam. Sunt inventore hic tempora vitae ratione quis distinctio. Optio molestiae omnis autem."
"Small Frozen Fish, Consequatur quaerat sunt non repellendus neque eos debitis autem","Turner LLC",4,948,8,$4745.00,70%,$1423.50,1,"Sequi corrupti autem harum dolores nostrum. Ut repellat autem repellat et temporibus. Quasi corporis voluptas alias. Nemo error doloremque aliquam amet id repellendus."